{"app": "FlowForce Server", "edition": "Advanced Edition", "features": ["ldap", "ad", "as2", "cluster", "oauth", "sftp", "statistics", "priority"], "objects": [{"path": "/Live/WeENERGIES/Live_WeENERGIES", "selected": true, "type": "job"}, {"path": "/Live/WeENERGIES/Transfer_Files_SFTP_WeENERGIES", "selected": true, "type": "job"}, {"path": "/Live/WeENERGIES/WeENERGIES_EDI_DB.mapping", "selected": true, "type": "function"}, {"path": "/Live/WeENERGIES/WeENERGIES_Notification.mapping", "selected": true, "type": "function"}], "release": "2025r2", "version": 1}