{"app": "FlowForce Server", "edition": "Advanced Edition", "features": ["ldap", "ad", "as2", "cluster", "oauth", "sftp", "statistics"], "objects": [{"path": "/Live/Ameren/Ameren", "selected": true, "type": "job"}, {"path": "/Live/Ameren/Ameren1", "selected": true, "type": "job"}, {"path": "/Live/Ameren/Ameren_File_Racking", "selected": true, "type": "job"}, {"path": "/Live/Ameren/Transfer_Files_Ameren", "selected": true, "type": "job"}, {"path": "/Live/Ameren/AMEREN_EDI_DB.mapping", "selected": true, "type": "function"}, {"path": "/Live/Ameren/AmerenL_EDI_FLAT_File.mapping", "selected": true, "type": "function"}], "release": "2023r2", "version": 1}