{"app": "FlowForce Server", "edition": "Advanced Edition", "features": ["ldap", "ad", "as2", "cluster", "oauth", "sftp", "statistics", "priority"], "objects": [{"path": "/Live/ATMOS/AtmosEnergy1", "selected": true, "type": "job"}, {"path": "/Live/ATMOS/AtmosEnergy_File_Racking", "selected": true, "type": "job"}, {"path": "/Live/ATMOS/Atmos_EDI_DB", "selected": true, "type": "job"}, {"path": "/Live/ATMOS/Transfer_Files_ATMOSENERGY", "selected": true, "type": "job"}, {"path": "/Live/ATMOS/Atmos_EDI_DB.mapping", "selected": true, "type": "function"}, {"path": "/Live/ATMOS/EDI_FLAT_File.mapping", "selected": true, "type": "function"}], "release": "2025r2", "version": 1}