{"app": "FlowForce Server", "edition": "Advanced Edition", "features": ["ldap", "ad", "as2", "cluster", "oauth", "sftp", "statistics", "priority"], "objects": [{"path": "/Live/SOUTHERN CALIFORNIA EDISON/Live_SOUTHERN CALIFORNIA EDISON", "selected": true, "type": "job"}, {"path": "/Live/SOUTHERN CALIFORNIA EDISON/Transfer_Files_SFTP_SOUTHERN CALIFORNIA EDISON", "selected": true, "type": "job"}, {"path": "/Live/SOUTHERN CALIFORNIA EDISON/SouthernCalifornia Edison_DB_Live.mapping", "selected": true, "type": "function"}, {"path": "/Live/SOUTHERN CALIFORNIA EDISON/SouthernCalifornia Edison_Notification.mapping", "selected": true, "type": "function"}], "release": "2025r2", "version": 1}