{"app": "FlowForce Server", "edition": "Advanced Edition", "features": ["ldap", "ad", "as2", "cluster", "oauth", "sftp", "statistics", "priority"], "objects": [{"path": "/Live/SOUTHERNCOMPANYELECTRIC/SoCoInv Electric", "selected": true, "type": "job"}, {"path": "/Live/SOUTHERNCOMPANYELECTRIC/SoCoInv Electric1", "selected": true, "type": "job"}, {"path": "/Live/SOUTHERNCOMPANYELECTRIC/Transfer_Files_SOCO", "selected": true, "type": "job"}, {"path": "/Live/SOUTHERNCOMPANYELECTRIC/SoCo_Electric", "selected": true, "type": "function"}], "release": "2025r2", "version": 1}