{"app": "FlowForce Server", "edition": "Advanced Edition", "features": ["ldap", "ad", "as2", "cluster", "oauth", "sftp", "statistics"], "objects": [{"path": "/Live/CP_FTP_Automation_Folder", "selected": true, "type": "job"}, {"path": "/Live/CP_FTP_Automation_Folder_Part2", "selected": true, "type": "job"}, {"path": "/Live/CP_FTP_Automation_Folder_Part3", "selected": true, "type": "job"}, {"path": "/Live/CP_MIDAMERICAN_FileName", "selected": true, "type": "job"}, {"path": "/Live/Notification_CP_FTP_Automation_Folder", "selected": true, "type": "job"}, {"path": "/Live/MidAmerican_FileName.mapping", "selected": true, "type": "function"}], "release": "2023r2", "version": 1}