{"app": "FlowForce Server", "edition": "Advanced Edition", "features": ["ldap", "ad", "as2", "cluster", "oauth", "sftp", "statistics", "priority"], "objects": [{"path": "/Live/DIRECT ENERGY/Live_Direct_Energy", "selected": true, "type": "job"}, {"path": "/Live/DIRECT ENERGY/Transfer_Files_FTP_DirectEnergy", "selected": true, "type": "job"}, {"path": "/Live/DIRECT ENERGY/Direct Energy_EDI_DB.mapping", "selected": true, "type": "function"}, {"path": "/Live/DIRECT ENERGY/Direct Energy_Notification.mapping", "selected": true, "type": "function"}], "release": "2025r2", "version": 1}