{"app": "FlowForce Server", "edition": "Advanced Edition", "features": ["ldap", "ad", "as2", "cluster", "oauth", "sftp", "statistics", "priority"], "objects": [{"path": "/Live/NYSEG/Job Transfer_Files_FTP_NYSEG", "selected": true, "type": "job"}, {"path": "/Live/NYSEG/Live_NYSEG", "selected": true, "type": "job"}, {"path": "/Live/NYSEG/NYSEG_EDI_DB.mapping", "selected": true, "type": "function"}, {"path": "/Live/NYSEG/NYSEG_Notification.mapping", "selected": true, "type": "function"}], "release": "2025r2", "version": 1}