{"app": "FlowForce Server", "edition": "Advanced Edition", "features": ["ldap", "ad", "as2", "cluster", "oauth", "sftp", "statistics"], "objects": [{"path": "/Live/Southern_Company_Electric/SoCoInv Electric", "selected": true, "type": "job"}, {"path": "/Live/Southern_Company_Electric/SoCoInv Electric1", "selected": true, "type": "job"}, {"path": "/Live/Southern_Company_Electric/Transfer_Files_SOCO", "selected": true, "type": "job"}, {"path": "/Live/Southern_Company_Electric/SoCo_Electric", "selected": true, "type": "function"}], "release": "2023r2", "version": 1}