{"app": "FlowForce Server", "edition": "Advanced Edition", "features": ["ldap", "ad", "as2", "cluster", "oauth", "sftp", "statistics", "priority"], "objects": [{"path": "/Live/AMEREN/Ameren", "selected": true, "type": "job"}, {"path": "/Live/AMEREN/Ameren1", "selected": true, "type": "job"}, {"path": "/Live/AMEREN/Ameren_File_Racking", "selected": true, "type": "job"}, {"path": "/Live/AMEREN/Transfer_Files_Ameren", "selected": true, "type": "job"}, {"path": "/Live/AMEREN/AMEREN_EDI_DB.mapping", "selected": true, "type": "function"}, {"path": "/Live/AMEREN/AmerenL_EDI_FLAT_File.mapping", "selected": true, "type": "function"}], "release": "2025r2", "version": 1}