{"app": "FlowForce Server", "edition": "Advanced Edition", "features": ["ldap", "ad", "as2", "cluster", "oauth", "sftp", "statistics"], "objects": [{"path": "/Live/Atmos/AtmosEnergy1", "selected": true, "type": "job"}, {"path": "/Live/Atmos/AtmosEnergy_File_Racking", "selected": true, "type": "job"}, {"path": "/Live/Atmos/Atmos_EDI_DB", "selected": true, "type": "job"}, {"path": "/Live/Atmos/Transfer_Files_ATMOSENERGY", "selected": true, "type": "job"}, {"path": "/Live/Atmos/Atmos_EDI_DB.mapping", "selected": true, "type": "function"}, {"path": "/Live/Atmos/EDI_FLAT_File.mapping", "selected": true, "type": "function"}], "release": "2023r2", "version": 1}