{"app": "FlowForce Server", "edition": "Advanced Edition", "features": ["ldap", "ad", "as2", "cluster", "oauth", "sftp", "statistics"], "objects": [{"path": "/Live/ROCKYMOUNTAIN/Live_ROCKYMOUNTAIN", "selected": true, "type": "job"}, {"path": "/Live/ROCKYMOUNTAIN/Transfer_Files_SFTP_ROCKYMOUNTAIN", "selected": true, "type": "job"}, {"path": "/Live/ROCKYMOUNTAIN/ROCKYMOUNTAIN_EDI_DB.mapping", "selected": true, "type": "function"}, {"path": "/Live/ROCKYMOUNTAIN/ROCKYMOUNTAIN_Notification.mapping", "selected": true, "type": "function"}], "release": "2023r2", "version": 1}