{"app": "FlowForce Server", "edition": "Advanced Edition", "features": ["ldap", "ad", "as2", "cluster", "oauth", "sftp", "statistics", "priority"], "objects": [{"path": "/Live/CONEDISON/Job Transfer_Files_FTP_CONEDISON", "selected": true, "type": "job"}, {"path": "/Live/CONEDISON/Live_CONEDISON", "selected": true, "type": "job"}, {"path": "/Live/CONEDISON/CONEDISON_EDI_DB.mapping", "selected": true, "type": "function"}, {"path": "/Live/CONEDISON/CONEDISON_Notification.mapping", "selected": true, "type": "function"}], "release": "2025r2", "version": 1}