{"app": "FlowForce Server", "edition": "Advanced Edition", "features": ["ldap", "ad", "as2", "cluster", "oauth", "sftp", "statistics", "priority"], "objects": [{"path": "/Live/CALPINEENERGY/Live_CALPINEENERGY", "selected": true, "type": "job"}, {"path": "/Live/CALPINEENERGY/Transfer_Files_FTP_CALPINEENERGY", "selected": true, "type": "job"}, {"path": "/Live/CALPINEENERGY/CALPINEENERGY_EDI_DB.mapping", "selected": true, "type": "function"}, {"path": "/Live/CALPINEENERGY/CALPINEENERGY_Notification.mapping", "selected": true, "type": "function"}], "release": "2025r2", "version": 1}