{"app": "FlowForce Server", "edition": "Advanced Edition", "features": ["ldap", "ad", "as2", "cluster", "oauth", "sftp", "statistics"], "objects": [{"path": "/Live/FIRSTENERGY/Live_FIRSTENERGY", "selected": true, "type": "job"}, {"path": "/Live/FIRSTENERGY/Transfer_Files_FTP_FIRSTENERGY", "selected": true, "type": "job"}, {"path": "/Live/FIRSTENERGY/FIRSTENERGY_EDI_DB.mapping", "selected": true, "type": "function"}, {"path": "/Live/FIRSTENERGY/FIRSTENERGY_Notification.mapping", "selected": true, "type": "function"}], "release": "2023r2", "version": 1}