{"app": "FlowForce Server", "edition": "Advanced Edition", "features": ["ldap", "ad", "as2", "cluster", "oauth", "sftp", "statistics"], "objects": [{"path": "/Live/Duke Energy/Live_DukeEnergy", "selected": true, "type": "job"}, {"path": "/Live/Duke Energy/Live_DukeEnergy1", "selected": true, "type": "job"}, {"path": "/Live/Duke Energy/Transfer_Files_DUKE", "selected": true, "type": "job"}, {"path": "/Live/Duke Energy/DukeEnergy_EDI_DB.mapping", "selected": true, "type": "function"}, {"path": "/Live/Duke Energy/DukeEnergy_EDI_FLAT_File.mapping", "selected": true, "type": "function"}], "release": "2023r2", "version": 1}