{"app": "FlowForce Server", "edition": "Advanced Edition", "features": ["ldap", "ad", "as2", "cluster", "oauth", "sftp", "statistics"], "objects": [{"path": "/Live/PSEG/PSEG", "selected": true, "type": "job"}, {"path": "/Live/PSEG/PSEG1", "selected": true, "type": "job"}, {"path": "/Live/PSEG/Transfer_Files_FTP_PSEG", "selected": true, "type": "job"}, {"path": "/Live/PSEG/Transfer_Files_PSEG1", "selected": true, "type": "job"}, {"path": "/Live/PSEG/testing", "selected": true, "type": "job"}, {"path": "/Live/PSEG/PSEG_EDI_DB.mapping", "selected": true, "type": "function"}, {"path": "/Live/PSEG/PSEG_EDI_Notification.mapping", "selected": true, "type": "function"}], "release": "2023r2", "version": 1}