{"app": "FlowForce Server", "edition": "Advanced Edition", "features": ["ldap", "ad", "as2", "cluster", "oauth", "sftp", "statistics"], "objects": [{"path": "/Live/MidAmerican/Live_MidAmerican", "selected": true, "type": "job"}, {"path": "/Live/MidAmerican/Live_MidAmerican1", "selected": true, "type": "job"}, {"path": "/Live/MidAmerican/Transfer_Files_MIDAMERICAN", "selected": true, "type": "job"}, {"path": "/Live/MidAmerican/MidAmerican_EDI_DB.mapping", "selected": true, "type": "function"}, {"path": "/Live/MidAmerican/MidAmerican_EDI_FLAT_File.mapping", "selected": true, "type": "function"}], "release": "2023r2", "version": 1}