{"app": "FlowForce Server", "edition": "Advanced Edition", "features": ["ldap", "ad", "as2", "cluster", "oauth", "sftp", "statistics"], "objects": [{"path": "/Live/Consumers Energy/Consumers Energy", "selected": true, "type": "job"}, {"path": "/Live/Consumers Energy/Consumers Energy_File_Racking", "selected": true, "type": "job"}, {"path": "/Live/Consumers Energy/ConsumersEnergy1", "selected": true, "type": "job"}, {"path": "/Live/Consumers Energy/Transfer_Files_CONSUMERS_ENERGY", "selected": true, "type": "job"}, {"path": "/Live/Consumers Energy/Consumers Energy_EDI_DB.mapping", "selected": true, "type": "function"}, {"path": "/Live/Consumers Energy/Consumers Energy_Notification.mapping", "selected": true, "type": "function"}, {"path": "/Live/Consumers Energy/ConsumersEnergy_EDI_DB.mapping", "selected": true, "type": "function"}], "release": "2023r2", "version": 1}