{"app": "FlowForce Server", "edition": "Advanced Edition", "features": ["ldap", "ad", "as2", "cluster", "oauth", "sftp", "statistics"], "objects": [{"path": "/public/AEP_Ack_Map.job", "selected": true, "type": "job"}, {"path": "/public/EDI_FLAT_File.job", "selected": true, "type": "job"}, {"path": "/public/SouthenCal_EDI_DB_INVOICE.job", "selected": true, "type": "job"}, {"path": "/public/Test-EDI", "selected": true, "type": "job"}, {"path": "/public/AEP_Ack_Map.mapping", "selected": true, "type": "function"}, {"path": "/public/EDI_FLAT_File.mapping", "selected": true, "type": "function"}, {"path": "/public/PSEG_EDI_DB.mapping", "selected": true, "type": "function"}, {"path": "/public/SouthenCal_EDI_DB_INVOICE.mapping", "selected": true, "type": "function"}, {"path": "/public/GlobalResources_Test.resources", "selected": true, "type": "resources"}], "release": "2023r2", "version": 1}