{"app": "FlowForce Server", "edition": "Advanced Edition", "features": ["ldap", "ad", "as2", "cluster", "oauth", "sftp", "statistics"], "objects": [{"path": "/Live/TECO/Live_TECO", "selected": true, "type": "job"}, {"path": "/Live/TECO/Transfer_Files_FTP_TECO", "selected": true, "type": "job"}, {"path": "/Live/TECO/TECO_EDI_DB.mapping", "selected": true, "type": "function"}, {"path": "/Live/TECO/TECO_Notification.mapping", "selected": true, "type": "function"}], "release": "2023r2", "version": 1}