{"app": "FlowForce Server", "edition": "Advanced Edition", "features": ["ldap", "ad", "as2", "cluster", "oauth", "sftp", "statistics", "priority"], "objects": [{"path": "/Live/CONSTELLATIONENERGY/Live_CONSTELLATIONENERGY", "selected": true, "type": "job"}, {"path": "/Live/CONSTELLATIONENERGY/Transfer_Files_SFTP_CONSTELLATIONENERGY", "selected": true, "type": "job"}, {"path": "/Live/CONSTELLATIONENERGY/CONSTELLATIONENERGY_EDI_DB.mapping", "selected": true, "type": "function"}, {"path": "/Live/CONSTELLATIONENERGY/CONSTELLATIONENERGY_Notification.mapping", "selected": true, "type": "function"}], "release": "2025r2", "version": 1}