{"app": "FlowForce Server", "edition": "Advanced Edition", "features": ["ldap", "ad", "as2", "cluster", "oauth", "sftp", "statistics", "priority"], "objects": [{"path": "/Live/ARIZONAPUBLICSERVICE/Live_ARIZONAPUBLICSERVICE", "selected": true, "type": "job"}, {"path": "/Live/ARIZONAPUBLICSERVICE/Transfer_Files_FTP_ARIZONAPUBLICSERVICE", "selected": true, "type": "job"}, {"path": "/Live/ARIZONAPUBLICSERVICE/ARIZONAPUBLICSERVICE_EDI_DB.mapping", "selected": true, "type": "function"}, {"path": "/Live/ARIZONAPUBLICSERVICE/ARIZONAPUBLICSERVICE_Notification.mapping", "selected": true, "type": "function"}], "release": "2025r2", "version": 1}