{"app": "FlowForce Server", "edition": "Advanced Edition", "features": ["ldap", "ad", "as2", "cluster", "oauth", "sftp", "statistics", "priority"], "objects": [{"path": "/Live/AEP/AEP_File_Racking", "selected": true, "type": "job"}, {"path": "/Live/AEP/Live_AEP", "selected": true, "type": "job"}, {"path": "/Live/AEP/Live_AEP1", "selected": true, "type": "job"}, {"path": "/Live/AEP/Transfer_Files_FTP_AEP", "selected": true, "type": "job"}, {"path": "/Live/AEP/Transfer_Files_FTP_AEP_Testing", "selected": true, "type": "job"}, {"path": "/Live/AEP/AEP_EDI_DB.mapping", "selected": true, "type": "function"}, {"path": "/Live/AEP/AEP_EDI_FLAT_File.mapping", "selected": true, "type": "function"}], "release": "2025r2", "version": 1}