{"app": "FlowForce Server", "edition": "Advanced Edition", "features": ["ldap", "ad", "as2", "cluster", "oauth", "sftp", "statistics", "priority"], "objects": [{"path": "/Live/BGE/Job Transfer_Files_FTP_BGE", "selected": true, "type": "job"}, {"path": "/Live/BGE/Live_BGE", "selected": true, "type": "job"}, {"path": "/Live/BGE/BGE_EDI_DB.mapping", "selected": true, "type": "function"}, {"path": "/Live/BGE/BGE_Notification.mapping", "selected": true, "type": "function"}], "release": "2025r2", "version": 1}