{"app": "FlowForce Server", "edition": "Advanced Edition", "features": ["ldap", "ad", "as2", "cluster", "oauth", "sftp", "statistics", "priority"], "objects": [{"path": "/Live/DTE ENERGY/Live_DTE ENERGY", "selected": true, "type": "job"}, {"path": "/Live/DTE ENERGY/Transfer_Files_SFTP_DTE ENERGY", "selected": true, "type": "job"}, {"path": "/Live/DTE ENERGY/DTEENERGY_EDI_DB.mapping", "selected": true, "type": "function"}, {"path": "/Live/DTE ENERGY/DTEENERGY_Notification.mapping", "selected": true, "type": "function"}], "release": "2025r2", "version": 1}