{"app": "FlowForce Server", "edition": "Advanced Edition", "features": ["ldap", "ad", "as2", "cluster", "oauth", "sftp", "statistics", "priority"], "objects": [{"path": "/Live/CONSUMERSENERGY/Consumers Energy", "selected": true, "type": "job"}, {"path": "/Live/CONSUMERSENERGY/Consumers Energy_File_Racking", "selected": true, "type": "job"}, {"path": "/Live/CONSUMERSENERGY/ConsumersEnergy1", "selected": true, "type": "job"}, {"path": "/Live/CONSUMERSENERGY/Transfer_Files_CONSUMERS_ENERGY", "selected": true, "type": "job"}, {"path": "/Live/CONSUMERSENERGY/Consumers Energy_EDI_DB.mapping", "selected": true, "type": "function"}, {"path": "/Live/CONSUMERSENERGY/Consumers Energy_Notification.mapping", "selected": true, "type": "function"}, {"path": "/Live/CONSUMERSENERGY/ConsumersEnergy_EDI_DB.mapping", "selected": true, "type": "function"}], "release": "2025r2", "version": 1}