{"app": "FlowForce Server", "edition": "Advanced Edition", "features": ["ldap", "ad", "as2", "cluster", "oauth", "sftp", "statistics", "priority"], "objects": [{"path": "/Live/ENTERGY/Live_ENTERGY", "selected": true, "type": "job"}, {"path": "/Live/ENTERGY/Transfer_Files_FTP_ENTERGY", "selected": true, "type": "job"}, {"path": "/Live/ENTERGY/ENTERGY_EDI_DB.mapping", "selected": true, "type": "function"}, {"path": "/Live/ENTERGY/ENTERGY_Notification.mapping", "selected": true, "type": "function"}], "release": "2025r2", "version": 1}