{"app": "FlowForce Server", "edition": "Advanced Edition", "features": ["ldap", "ad", "as2", "cluster", "oauth", "sftp", "statistics", "priority"], "objects": [{"path": "/Live/PSE/Live_PSE", "selected": true, "type": "job"}, {"path": "/Live/PSE/Live_PSE1", "selected": true, "type": "job"}, {"path": "/Live/PSE/Transfer_Files_PSE", "selected": true, "type": "job"}, {"path": "/Live/PSE/PSE_EDI_DB_Live.mapping", "selected": true, "type": "function"}, {"path": "/Live/PSE/PSE_EDI_FLAT_File.mapping", "selected": true, "type": "function"}], "release": "2025r2", "version": 1}