{"app": "FlowForce Server", "edition": "Advanced Edition", "features": ["ldap", "ad", "as2", "cluster", "oauth", "sftp", "statistics", "priority"], "objects": [{"path": "/Live/DOMINION/Dominion_EDI810_DB", "selected": true, "type": "job"}, {"path": "/Live/DOMINION/Dominion_EDI810_DB1", "selected": true, "type": "job"}, {"path": "/Live/DOMINION/Dominion_File_Racking", "selected": true, "type": "job"}, {"path": "/Live/DOMINION/Transfer_FTP_DOMINION", "selected": true, "type": "job"}, {"path": "/Live/DOMINION/Dominion_EDI_DB.mapping", "selected": true, "type": "function"}, {"path": "/Live/DOMINION/Dominion_EDI_FLAT_File.mapping", "selected": true, "type": "function"}], "release": "2025r2", "version": 1}