{"app": "FlowForce Server", "edition": "Advanced Edition", "features": ["ldap", "ad", "as2", "cluster", "oauth", "sftp", "statistics", "priority"], "objects": [{"path": "/Live/FPL/Live_FPL1", "selected": true, "type": "job"}, {"path": "/Live/FPL/Live_FPL_FPLNW", "selected": true, "type": "job"}, {"path": "/Live/FPL/TestingF", "selected": true, "type": "job"}, {"path": "/Live/FPL/Transfer_Files_FTP_FPL", "selected": true, "type": "job"}, {"path": "/Live/FPL/EDI_DB_Live.mapping", "selected": true, "type": "function"}, {"path": "/Live/FPL/EDI_Notification.mapping", "selected": true, "type": "function"}, {"path": "/Live/FPL/FPL_EDI_DB_FPLNW_production.mapping", "selected": true, "type": "function"}, {"path": "/Live/FPL/FPL_EDI_Notification_FPLNW.mapping", "selected": true, "type": "function"}], "release": "2025r2", "version": 1}