{"app": "FlowForce Server", "edition": "Advanced Edition", "features": ["ldap", "ad", "as2", "cluster", "oauth", "sftp", "statistics", "priority"], "objects": [{"path": "/Live/PACIFICPOWER/Live_PACIFICPOWER", "selected": true, "type": "job"}, {"path": "/Live/PACIFICPOWER/Transfer_Files_FTP_PACIFICPOWER", "selected": true, "type": "job"}, {"path": "/Live/PACIFICPOWER/PACIFICPOWER_EDI_DB.mapping", "selected": true, "type": "function"}, {"path": "/Live/PACIFICPOWER/PACIFICPOWER_Notification.mapping", "selected": true, "type": "function"}], "release": "2025r2", "version": 1}