{"app": "FlowForce Server", "edition": "Advanced Edition", "features": ["ldap", "ad", "as2", "cluster", "oauth", "sftp", "statistics"], "objects": [{"path": "/Live/ENGIE/Live_ENGIE", "selected": true, "type": "job"}, {"path": "/Live/ENGIE/Transfer_Files_FTP_ENGIE", "selected": true, "type": "job"}, {"path": "/Live/ENGIE/ENGIE_EDI_DB.mapping", "selected": true, "type": "function"}, {"path": "/Live/ENGIE/ENGIE_Notification.mapping", "selected": true, "type": "function"}], "release": "2023r2", "version": 1}