{"app": "FlowForce Server", "edition": "Advanced Edition", "features": ["ldap", "ad", "as2", "cluster", "oauth", "sftp", "statistics", "priority"], "objects": [{"path": "/Live/XCELENERGY/Live_XcelEnergy", "selected": true, "type": "job"}, {"path": "/Live/XCELENERGY/Transfer_Files_FTP_XcelEnergy", "selected": true, "type": "job"}, {"path": "/Live/XCELENERGY/XcelEnergy_EDI_DB_Live.mapping", "selected": true, "type": "function"}, {"path": "/Live/XCELENERGY/XcelEnergy_Notification.mapping", "selected": true, "type": "function"}], "release": "2025r2", "version": 1}