{"app": "FlowForce Server", "edition": "Advanced Edition", "features": ["ldap", "ad", "as2", "cluster", "oauth", "sftp", "statistics"], "objects": [{"path": "/EDI_Test/SouthernCompany_Gas/EDI Test", "selected": true, "type": "job"}, {"path": "/EDI_Test/SouthernCompany_Gas/Map Testing", "selected": true, "type": "job"}, {"path": "/EDI_Test/SouthernCompany_Gas/New", "selected": true, "type": "job"}, {"path": "/EDI_Test/SouthernCompany_Gas/SouthernCompany_Gas", "selected": true, "type": "job"}, {"path": "/EDI_Test/SouthernCompany_Gas/Map_Testing_FlowForce.mapping", "selected": true, "type": "function"}, {"path": "/EDI_Test/SouthernCompany_Gas/New.mapping", "selected": true, "type": "function"}, {"path": "/EDI_Test/SouthernCompany_Gas/SoCo_Test_Testing", "selected": true, "type": "function"}, {"path": "/EDI_Test/SouthernCompany_Gas/Southern Company.mapping", "selected": true, "type": "function"}, {"path": "/EDI_Test/SouthernCompany_Gas/Test mapping", "selected": true, "type": "function"}], "release": "2023r2", "version": 1}