{"app": "FlowForce Server", "edition": "Advanced Edition", "features": ["ldap", "ad", "as2", "cluster", "oauth", "sftp", "statistics"], "objects": [{"path": "/Live/XcelEnergy/Live_XcelEnergy", "selected": true, "type": "job"}, {"path": "/Live/XcelEnergy/Transfer_Files_FTP_XcelEnergy", "selected": true, "type": "job"}, {"path": "/Live/XcelEnergy/XcelEnergy_EDI_DB_Live.mapping", "selected": true, "type": "function"}, {"path": "/Live/XcelEnergy/XcelEnergy_Notification.mapping", "selected": true, "type": "function"}], "release": "2023r2", "version": 1}