{"app": "FlowForce Server", "edition": "Advanced Edition", "features": ["ldap", "ad", "as2", "cluster", "oauth", "sftp", "statistics", "priority"], "objects": [{"path": "/Live/MIDAMERICAN/Live_MidAmerican", "selected": true, "type": "job"}, {"path": "/Live/MIDAMERICAN/Live_MidAmerican1", "selected": true, "type": "job"}, {"path": "/Live/MIDAMERICAN/Transfer_Files_MIDAMERICAN", "selected": true, "type": "job"}, {"path": "/Live/MIDAMERICAN/MidAmerican_EDI_DB.mapping", "selected": true, "type": "function"}, {"path": "/Live/MIDAMERICAN/MidAmerican_EDI_FLAT_File.mapping", "selected": true, "type": "function"}], "release": "2025r2", "version": 1}