{"app": "FlowForce Server", "edition": "Advanced Edition", "features": ["ldap", "ad", "as2", "cluster", "oauth", "sftp", "statistics", "priority"], "objects": [{"path": "/Live/DUKEENERGY/Live_DukeEnergy", "selected": true, "type": "job"}, {"path": "/Live/DUKEENERGY/Live_DukeEnergy1", "selected": true, "type": "job"}, {"path": "/Live/DUKEENERGY/Transfer_Files_DUKE", "selected": true, "type": "job"}, {"path": "/Live/DUKEENERGY/DukeEnergy_EDI_DB.mapping", "selected": true, "type": "function"}, {"path": "/Live/DUKEENERGY/DukeEnergy_EDI_FLAT_File.mapping", "selected": true, "type": "function"}], "release": "2025r2", "version": 1}