{"app": "FlowForce Server", "edition": "Advanced Edition", "features": ["ldap", "ad", "as2", "cluster", "oauth", "sftp", "statistics", "priority"], "objects": [{"path": "/Live/EVERSOURCE/Live_EVERSOURCE", "selected": true, "type": "job"}, {"path": "/Live/EVERSOURCE/Transfer_Files_FTP_EVERSOURCE", "selected": true, "type": "job"}, {"path": "/Live/EVERSOURCE/EVERSOURCE_EDI_DB.mapping", "selected": true, "type": "function"}, {"path": "/Live/EVERSOURCE/EVERSOURCE_Notification.mapping", "selected": true, "type": "function"}], "release": "2025r2", "version": 1}