{"app": "FlowForce Server", "edition": "Advanced Edition", "features": ["ldap", "ad", "as2", "cluster", "oauth", "sftp", "statistics"], "objects": [{"path": "/Live/Direct Energy/Live_Direct_Energy", "selected": true, "type": "job"}, {"path": "/Live/Direct Energy/Transfer_Files_FTP_DirectEnergy", "selected": true, "type": "job"}, {"path": "/Live/Direct Energy/Direct Energy_EDI_DB.mapping", "selected": true, "type": "function"}, {"path": "/Live/Direct Energy/Direct Energy_Notification.mapping", "selected": true, "type": "function"}], "release": "2023r2", "version": 1}