{"app": "FlowForce Server", "edition": "Advanced Edition", "features": ["ldap", "ad", "as2", "cluster", "oauth", "sftp", "statistics"], "objects": [{"path": "/Live/PGE/File_Tracking", "selected": true, "type": "job"}, {"path": "/Live/PGE/PGE", "selected": true, "type": "job"}, {"path": "/Live/PGE/PGE1", "selected": true, "type": "job"}, {"path": "/Live/PGE/PGE_File_Transfer", "selected": true, "type": "job"}, {"path": "/Live/PGE/Transfer_Files_AEP", "selected": true, "type": "job"}, {"path": "/Live/PGE/Transfer_Files_PGE", "selected": true, "type": "job"}, {"path": "/Live/PGE/Transfer_Files_PGE1", "selected": true, "type": "job"}, {"path": "/Live/PGE/PGE_EDI_DataBase.mapping", "selected": true, "type": "function"}, {"path": "/Live/PGE/PGE_EDI_FLAT_File.mapping", "selected": true, "type": "function"}, {"path": "/Live/PGE/PGE_File_Tracking_Map.mapping", "selected": true, "type": "function"}], "release": "2023r2", "version": 1}