{"app": "FlowForce Server", "edition": "Advanced Edition", "features": ["ldap", "ad", "as2", "cluster", "oauth", "sftp", "statistics", "priority"], "objects": [{"path": "/Live/RELIANTENERGY/Live_RELIANTENERGY", "selected": true, "type": "job"}, {"path": "/Live/RELIANTENERGY/Transfer_Files_FTP_RELIANTENERGY", "selected": true, "type": "job"}, {"path": "/Live/RELIANTENERGY/RELIANTENERGY_EDI_DB.mapping", "selected": true, "type": "function"}, {"path": "/Live/RELIANTENERGY/RELIANTENERGY_Notification.mapping", "selected": true, "type": "function"}], "release": "2025r2", "version": 1}